City_ID,City,Country,Lat,Lng,Max Temp,Humidity,Cloudiness,Wind Speed,Current Description
0,severo-kurilsk,RU,50.6789,156.125,53.58,90,17,10.96,few clouds
1,san patricio,US,28.017,-97.5169,86.86,71,37,4.43,scattered clouds
2,hilo,US,19.7297,-155.09,72.81,90,75,4.61,broken clouds
3,busselton,AU,-33.65,115.3333,53.1,84,0,8.72,clear sky
4,la ronge,CA,55.1001,-105.2842,66.45,63,20,5.75,few clouds
5,fortuna,US,40.5982,-124.1573,59.36,69,90,1.99,overcast clouds
6,sorland,NO,67.667,12.6934,53.67,76,75,12.66,broken clouds
7,grindavik,IS,63.8424,-22.4338,54.07,87,75,13.8,broken clouds
8,jamestown,US,42.097,-79.2353,69.3,84,100,3.0,overcast clouds
9,ribeira grande,PT,38.5167,-28.7,79.2,69,20,10.36,few clouds
10,pisco,PE,-13.7,-76.2167,62.02,82,90,4.61,mist
11,punta arenas,CL,-53.15,-70.9167,41.11,100,90,8.05,overcast clouds
12,vaini,TO,-21.2,-175.2,66.36,82,20,5.75,few clouds
13,rio grande,BR,-32.035,-52.0986,57.31,81,58,3.74,broken clouds
14,northam,GB,51.0333,-4.2167,67.19,86,100,15.14,overcast clouds
15,ushuaia,AR,-54.8,-68.3,40.66,81,40,0.0,scattered clouds
16,cherskiy,RU,68.75,161.3,42.89,86,100,3.49,overcast clouds
17,tuktoyaktuk,CA,69.4541,-133.0374,48.2,81,90,9.22,overcast clouds
18,atambua,ID,-9.1061,124.8925,71.37,86,41,6.04,scattered clouds
19,te anau,NZ,-45.4167,167.7167,46.63,90,100,7.9,overcast clouds
20,guerrero negro,MX,27.9769,-114.0611,71.35,81,78,12.08,broken clouds
21,port alfred,ZA,-33.5906,26.891,64.65,62,0,11.05,clear sky
22,warrington,GB,53.3925,-2.5802,68.02,84,75,5.01,light rain
23,kapaa,US,22.0752,-159.319,79.12,78,75,17.27,moderate rain
24,cape town,ZA,-33.9258,18.4232,69.89,47,0,1.99,clear sky
25,mount isa,AU,-20.7333,139.5,67.77,34,0,6.91,clear sky
26,souillac,MU,-20.5167,57.5167,70.18,68,75,11.5,broken clouds
27,kangaatsiaq,GL,68.3065,-53.4641,46.08,78,100,28.1,overcast clouds
28,mar del plata,AR,-38.0023,-57.5575,44.62,100,90,3.44,fog
29,butaritari,KI,3.0707,172.7902,82.6,74,9,9.04,clear sky
30,pasighat,IN,28.0667,95.3333,78.55,94,99,2.86,overcast clouds
31,avarua,CK,-21.2078,-159.775,66.25,94,100,2.3,overcast clouds
32,kahului,US,20.8947,-156.47,76.26,79,90,6.91,light rain
33,port moresby,PG,-9.4431,147.1797,78.22,83,75,11.5,broken clouds
34,diebougou,BF,10.9667,-3.25,83.25,68,99,8.97,light rain
35,bredasdorp,ZA,-34.5322,20.0403,68.29,55,7,11.5,clear sky
36,barrow,US,71.2906,-156.7887,39.22,87,90,19.57,overcast clouds
37,mizdah,LY,31.4451,12.9801,93.38,20,2,11.21,clear sky
38,pangai,TO,-19.8,-174.35,71.51,59,19,16.55,few clouds
39,sioux lookout,CA,50.1001,-91.917,78.87,50,75,5.75,broken clouds
40,bluff,NZ,-46.6,168.3333,48.79,78,100,17.67,overcast clouds
41,coihaique,CL,-45.5752,-72.0662,37.35,93,90,3.44,overcast clouds
42,padang,ID,-0.9492,100.3543,79.36,86,100,2.71,moderate rain
43,belyy yar,RU,53.6039,91.3903,64.29,72,0,4.47,clear sky
44,oranjemund,NA,-28.55,16.4333,71.17,31,0,7.02,clear sky
45,tasiilaq,GL,65.6145,-37.6368,51.96,67,80,9.95,broken clouds
46,lebu,CL,-37.6167,-73.65,49.86,87,100,22.57,overcast clouds
47,ergani,TR,38.2653,39.7621,95.72,19,0,7.49,clear sky
48,kuching,MY,1.55,110.3333,79.02,89,20,0.0,few clouds
49,cam ranh,VN,11.9214,109.1591,78.76,83,20,1.14,few clouds
50,nanortalik,GL,60.1432,-45.2371,50.29,93,100,4.99,overcast clouds
51,thompson,CA,55.7435,-97.8558,69.96,64,20,9.22,few clouds
52,chumikan,RU,54.7183,135.315,64.4,80,100,7.85,overcast clouds
53,smithers,CA,54.7804,-127.1743,57.52,94,75,3.44,light rain
54,saskylakh,RU,71.9167,114.0833,50.85,64,0,7.49,clear sky
55,rikitea,PF,-23.1203,-134.9692,74.39,75,3,15.12,clear sky
56,khatanga,RU,71.9667,102.5,59.52,52,100,10.36,overcast clouds
57,rudnaya pristan,RU,44.3614,135.8116,59.92,83,82,2.46,broken clouds
58,nikolskoye,RU,59.7035,30.7861,69.69,53,100,8.7,overcast clouds
59,hermanus,ZA,-34.4187,19.2345,68.81,61,7,3.53,clear sky
60,la union,PE,-5.4,-80.75,68.54,68,87,11.14,overcast clouds
61,new norfolk,AU,-42.7826,147.0587,42.3,76,67,1.99,broken clouds
62,port lincoln,AU,-34.7333,135.8667,52.83,82,5,7.9,clear sky
63,husavik,IS,66.0449,-17.3389,62.51,60,69,6.26,broken clouds
64,maamba,ZM,-17.3667,27.15,76.32,37,0,11.16,clear sky
65,axim,GH,4.8699,-2.2405,80.6,65,46,10.4,scattered clouds
66,mataura,NZ,-46.1927,168.8643,48.47,90,50,4.23,scattered clouds
67,diego de almagro,CL,-26.3667,-70.05,66.9,19,12,1.12,few clouds
68,pamekasan,ID,-7.1568,113.4746,80.04,76,7,10.63,clear sky
69,ulladulla,AU,-35.35,150.4667,58.1,48,0,11.92,clear sky
70,magadan,RU,59.5667,150.8,56.17,95,98,3.4,overcast clouds
71,qaanaaq,GL,77.484,-69.3632,38.37,99,100,6.15,light rain
72,havelock,US,34.8791,-76.9013,87.75,79,20,1.99,few clouds
73,leningradskiy,RU,69.3833,178.4167,33.75,98,100,14.52,overcast clouds
74,ingham,US,42.6,-84.3833,71.26,72,1,0.0,clear sky
75,albany,US,42.6001,-73.9662,72.81,64,51,5.03,broken clouds
76,puerto ayora,EC,-0.7393,-90.3518,71.56,97,98,5.01,overcast clouds
77,bathsheba,BB,13.2167,-59.5167,86.61,70,20,11.5,few clouds
78,chuy,UY,-33.6971,-53.4616,58.42,91,100,3.36,overcast clouds
79,atuona,PF,-9.8,-139.0333,77.7,71,8,19.24,clear sky
80,bambous virieux,MU,-20.3428,57.7575,70.05,68,75,11.5,broken clouds
81,wuan,CN,31.6836,112.0044,74.39,93,37,3.76,scattered clouds
82,norman wells,CA,65.282,-126.8329,51.84,93,90,5.75,light rain
83,georgetown,MY,5.4112,100.3354,79.9,90,40,4.61,scattered clouds
84,carnarvon,AU,-24.8667,113.6333,62.67,58,75,6.91,broken clouds
85,hambantota,LK,6.1241,81.1185,82.74,74,75,14.97,broken clouds
86,santa isabel do rio negro,BR,-0.4139,-65.0192,82.71,63,100,2.35,overcast clouds
87,bethel,US,41.3712,-73.414,75.56,65,1,9.22,clear sky
88,kampene,CD,-3.6,26.6667,93.24,25,28,1.92,scattered clouds
89,yamada,JP,39.4667,141.95,64.49,91,100,4.9,overcast clouds
90,kovur,IN,14.4833,79.9833,84.04,62,100,7.49,overcast clouds
91,alofi,NU,-19.0595,-169.9187,69.69,78,94,12.66,overcast clouds
92,port hedland,AU,-20.3167,118.5667,75.25,29,70,8.05,broken clouds
93,luderitz,NA,-26.6481,15.1594,63.7,57,0,11.23,clear sky
94,madison heights,US,42.4859,-83.1052,73.15,58,1,4.61,clear sky
95,olafsvik,IS,64.8945,-23.7142,54.18,87,100,13.91,overcast clouds
96,aklavik,CA,68.2191,-135.0107,48.92,93,90,3.44,haze
97,san quintin,MX,30.4833,-115.95,69.15,88,29,8.41,scattered clouds
98,fare,PF,-16.7,-151.0167,78.33,74,1,10.78,clear sky
99,katsuura,JP,35.1333,140.3,69.91,95,100,12.39,light rain
100,ternate,ID,0.8,127.4,80.22,77,52,1.61,broken clouds
101,djibo,BF,14.1022,-1.6306,91.22,44,53,9.95,broken clouds
102,rabo de peixe,PT,37.8,-25.5833,74.71,83,20,6.91,few clouds
103,margate,GB,51.3813,1.3862,74.7,60,26,13.6,scattered clouds
104,horqueta,PY,-23.3428,-57.0597,80.29,38,1,1.57,clear sky
105,waw,SS,7.7029,27.9953,81.39,73,71,5.01,light rain
106,coquimbo,CL,-29.9533,-71.3436,55.13,76,90,5.75,overcast clouds
107,ostrovnoy,RU,68.0531,39.5131,59.67,84,100,8.3,overcast clouds
108,grand gaube,MU,-20.0064,57.6608,70.2,69,60,5.01,broken clouds
109,sinnamary,GF,5.3833,-52.95,76.35,91,100,10.58,overcast clouds
110,den helder,NL,52.9599,4.7593,76.98,82,75,18.41,broken clouds
111,lagdo,CM,9.05,13.7333,88.92,51,30,4.9,scattered clouds
112,stornoway,GB,58.2093,-6.3865,58.96,77,75,12.66,broken clouds
113,scarborough,GB,54.2797,-0.4044,68.54,86,100,1.01,overcast clouds
114,phan thiet,VN,10.9333,108.1,78.69,88,7,3.24,clear sky
115,waingapu,ID,-9.6567,120.2641,77.2,83,6,12.19,clear sky
116,abu kamal,SY,34.4506,40.9171,101.01,16,0,14.76,clear sky
117,aban,RU,56.67,96.06,58.87,71,68,4.41,broken clouds
118,springdale,US,36.1867,-94.1288,75.9,83,1,5.75,clear sky
119,henties bay,NA,-22.116,14.2845,62.13,74,23,7.54,few clouds
120,paamiut,GL,61.994,-49.6678,48.54,94,100,8.08,overcast clouds
121,puerto leguizamo,CO,-0.1934,-74.7819,74.35,92,98,1.59,overcast clouds
122,provideniya,RU,64.3833,-173.3,50.5,78,100,3.33,overcast clouds
123,castro,BR,-24.7911,-50.0119,67.03,66,72,3.94,broken clouds
124,touros,BR,-5.1989,-35.4608,85.1,57,14,18.48,few clouds
125,saint george,US,37.1041,-113.5841,83.53,53,1,3.44,clear sky
126,hay river,CA,60.8156,-115.7999,51.78,100,75,1.14,broken clouds
127,luganville,VU,-15.5333,167.1667,74.35,82,96,12.3,overcast clouds
128,cayenne,GF,4.9333,-52.3333,77.04,91,75,1.01,moderate rain
129,suoyarvi,RU,62.0833,32.35,62.04,74,53,13.35,broken clouds
130,mamallapuram,IN,12.6264,80.1722,86.05,64,100,3.62,overcast clouds
131,vanavara,RU,60.34,102.2797,55.49,96,45,5.53,scattered clouds
132,batsfjord,NO,70.6345,29.7185,53.82,73,99,14.29,overcast clouds
133,nome,US,64.5011,-165.4064,49.15,93,90,10.36,light rain
134,klaksvik,FO,62.2266,-6.589,50.92,73,99,16.08,overcast clouds
135,east london,ZA,-33.0153,27.9116,65.34,72,0,12.66,clear sky
136,bud,US,39.447,-86.1758,69.78,72,100,9.35,overcast clouds
137,adrasmon,TJ,40.6472,69.9856,65.32,19,0,13.96,clear sky
138,mudgee,AU,-32.5943,149.5871,40.62,87,27,6.91,scattered clouds
139,kruisfontein,ZA,-34.0033,24.7314,68.88,53,0,7.83,clear sky
140,lompoc,US,34.6391,-120.4579,59.63,92,90,6.91,mist
141,hofn,IS,64.2539,-15.2082,55.42,76,75,5.75,broken clouds
142,tual,ID,-5.6667,132.75,80.13,84,100,17.38,overcast clouds
143,upernavik,GL,72.7868,-56.1549,43.18,91,100,31.76,light rain
144,kysyl-syr,RU,63.8986,122.7617,54.28,78,97,3.38,overcast clouds
145,havre,FR,49.5833,0.3333,74.48,94,90,11.5,overcast clouds
146,nioro,GM,13.35,-15.75,83.55,68,100,4.59,overcast clouds
147,finote selam,ET,10.7,37.2667,65.71,91,100,3.38,moderate rain
148,vostok,RU,46.4856,135.8833,57.13,85,73,3.49,broken clouds
149,namibe,AO,-15.1961,12.1522,75.45,66,7,13.33,clear sky
150,narrabri,AU,-30.3167,149.7833,59.09,33,90,11.5,light rain
151,odienne,CI,9.51,-7.5692,76.8,76,93,9.26,overcast clouds
152,vestmannaeyjar,IS,63.4427,-20.2734,52.79,93,90,17.27,fog
153,saint-philippe,RE,-21.3585,55.7679,69.35,70,76,12.86,broken clouds
154,port elizabeth,ZA,-33.918,25.5701,71.1,72,0,13.8,clear sky
155,kodiak,US,57.79,-152.4072,44.11,81,1,6.91,clear sky
156,cidreira,BR,-30.1811,-50.2056,62.15,84,97,3.69,overcast clouds
157,progreso,MX,21.2833,-89.6667,87.12,70,12,3.98,few clouds
158,marsh harbour,BS,26.5412,-77.0636,83.26,72,100,13.82,overcast clouds
159,nouadhibou,MR,20.931,-17.0347,84.18,58,68,12.66,broken clouds
160,anadyr,RU,64.75,177.4833,46.9,93,0,4.47,clear sky
161,itirapina,BR,-22.2528,-47.8228,75.13,38,0,6.8,clear sky
162,saint-augustin,CA,51.226,-58.6502,63.28,97,100,2.46,overcast clouds
163,port blair,IN,11.6667,92.75,79.92,86,100,13.22,heavy intensity rain
164,cabo san lucas,MX,22.8909,-109.9124,85.8,65,2,1.01,clear sky
165,dunedin,NZ,-45.8742,170.5036,52.81,51,40,13.0,scattered clouds
166,chokurdakh,RU,70.6333,147.9167,41.76,77,100,6.11,overcast clouds
167,sola,VU,-13.8833,167.55,77.43,79,100,26.75,overcast clouds
168,taltal,CL,-25.4,-70.4833,60.87,63,1,6.71,clear sky
169,tucurui,BR,-3.7661,-49.6725,92.3,45,21,2.98,few clouds
170,yulara,AU,-25.2406,130.9889,64.24,27,7,8.05,clear sky
171,puerto carreno,CO,6.189,-67.4859,73.87,91,100,3.98,overcast clouds
172,orissaare,EE,58.5592,23.0826,66.9,70,45,21.18,scattered clouds
173,neiva,CO,2.9273,-75.2819,78.53,62,100,0.49,overcast clouds
174,berlevag,NO,70.8578,29.0864,48.04,78,100,13.38,overcast clouds
175,palmer,US,42.1584,-72.3287,75.02,54,75,1.99,broken clouds
176,alto araguaia,BR,-17.3147,-53.2153,90.63,17,1,2.37,clear sky
177,kalininsk,RU,51.5,44.4758,85.21,24,100,10.98,overcast clouds
178,havoysund,NO,70.9963,24.6622,47.28,78,100,10.98,overcast clouds
179,mangrol,IN,21.1167,70.1167,81.63,79,100,14.25,overcast clouds
180,pimentel,PE,-6.8367,-79.9342,66.49,80,90,3.0,overcast clouds
181,sulangan,PH,11.1373,123.7228,84.61,70,85,9.01,overcast clouds
182,moorhead,US,46.8739,-96.7676,71.98,65,20,5.99,few clouds
183,geraldton,AU,-28.7667,114.6,57.61,62,0,8.05,clear sky
184,danshui,CN,22.7984,114.4672,82.65,86,72,3.22,broken clouds
185,katobu,ID,-4.9408,122.5276,74.43,89,23,5.19,few clouds
186,beloha,MG,-25.1667,45.05,65.93,53,2,14.36,clear sky
187,kitimat,CA,54.0524,-128.6534,59.38,94,100,1.01,moderate rain
188,ponta do sol,PT,32.6667,-17.1,86.13,40,88,3.0,overcast clouds
189,tromso,NO,69.6496,18.957,59.65,71,75,14.97,broken clouds
190,ornes,NO,66.8689,13.7078,65.55,82,90,5.68,overcast clouds
191,teya,RU,60.3778,92.6267,57.25,74,87,1.79,overcast clouds
192,volot,RU,57.9278,30.7025,65.5,73,100,12.64,overcast clouds
193,zhezkazgan,KZ,47.8043,67.7144,75.88,25,1,13.73,clear sky
194,asau,RO,46.4333,26.4,89.4,39,27,2.51,scattered clouds
195,lata,PT,40.1629,-8.3327,96.04,21,1,10.74,clear sky
196,genhe,CN,50.7833,121.5167,61.45,75,100,1.07,overcast clouds
197,paso de los toros,UY,-32.8167,-56.5167,61.86,56,33,3.2,scattered clouds
198,mahebourg,MU,-20.4081,57.7,70.09,68,75,11.5,broken clouds
199,port augusta,AU,-32.5,137.7667,43.7,64,0,5.61,clear sky
200,hailar,CN,49.2,119.7,60.64,72,4,6.73,clear sky
201,shubarkuduk,KZ,49.1447,56.4872,90.63,11,8,2.82,clear sky
202,ancud,CL,-41.8697,-73.8203,43.43,86,100,11.92,overcast clouds
203,sao raimundo das mangabeiras,BR,-7.0219,-45.4811,92.17,19,6,7.81,clear sky
204,abha,SA,18.2164,42.5053,75.02,64,40,16.11,scattered clouds
205,el tigre,VE,8.8875,-64.2454,70.68,94,100,6.67,overcast clouds
206,itarema,BR,-2.9248,-39.9167,89.15,48,23,10.56,few clouds
207,darnah,LY,32.767,22.6367,80.28,60,0,22.08,clear sky
208,hobart,AU,-42.8794,147.3294,42.66,85,75,4.0,light intensity shower rain
209,finschhafen,PG,-6.6024,147.8681,78.13,83,43,8.01,scattered clouds
210,synya,RU,65.3718,58.0387,63.59,54,13,4.7,few clouds
211,conde,BR,-7.2597,-34.9075,81.86,65,75,14.97,broken clouds
212,ambilobe,MG,-13.2,49.05,78.89,59,76,2.95,broken clouds
213,santa vitoria do palmar,BR,-33.5189,-53.3681,58.87,89,100,2.28,overcast clouds
214,kharovsk,RU,59.9642,40.1912,63.7,91,100,9.62,light rain
215,carutapera,BR,-1.195,-46.02,86.31,63,10,5.75,clear sky
216,yantal,RU,56.8471,105.2542,61.14,85,100,1.57,overcast clouds
217,alnavar,IN,15.4333,74.7333,76.1,87,81,9.98,broken clouds
218,dikson,RU,73.5069,80.5464,48.56,100,100,15.66,light rain
219,nhulunbuy,AU,-12.2333,136.7667,75.81,83,0,9.22,clear sky
220,burgeo,CA,47.6167,-57.6152,67.82,98,100,5.86,overcast clouds
221,swan river,CA,52.1058,-101.2676,67.89,49,100,6.91,overcast clouds
222,krasnoarmeysk,RU,51.0239,45.6969,86.16,22,100,10.04,overcast clouds
223,sibolga,ID,1.7427,98.7792,77.68,89,100,2.93,moderate rain
224,longyearbyen,SJ,78.2186,15.6401,40.84,70,75,14.97,broken clouds
225,tocopilla,CL,-22.092,-70.1979,64.98,64,2,9.78,clear sky
226,clyde river,CA,70.4692,-68.5914,43.03,93,75,0.0,broken clouds
227,da nang,VN,16.0678,108.2208,85.98,70,20,6.91,few clouds
228,halmstad,SE,56.6745,12.8568,70.14,66,40,13.8,scattered clouds
229,consett,GB,54.854,-1.8316,58.24,92,100,5.32,overcast clouds
230,quirinopolis,BR,-18.4483,-50.4517,86.41,22,5,6.6,clear sky
231,yellowknife,CA,62.456,-114.3525,54.12,100,40,8.05,scattered clouds
232,preobrazheniye,RU,42.9019,133.9064,59.63,85,4,3.42,clear sky
233,namatanai,PG,-3.6667,152.4333,79.39,83,58,6.78,light rain
234,bam,IR,29.106,58.357,96.96,9,3,15.32,clear sky
235,mehamn,NO,71.0357,27.8492,47.46,81,100,12.93,overcast clouds
236,esperance,AU,-33.8667,121.9,52.54,81,0,7.76,clear sky
237,tuatapere,NZ,-46.1333,167.6833,48.81,86,83,8.63,broken clouds
238,prince rupert,CA,54.3161,-130.3201,59.09,97,90,8.05,moderate rain
239,erenhot,CN,43.6475,111.9767,77.94,37,15,12.01,few clouds
240,jiexiu,CN,37.0244,111.9125,72.84,64,62,3.56,broken clouds
241,praia da vitoria,PT,38.7333,-27.0667,75.76,83,75,8.28,broken clouds
242,kavieng,PG,-2.5744,150.7967,81.75,80,100,9.91,light rain
243,nuuk,GL,64.1835,-51.7216,47.01,100,90,3.44,fog
244,salinopolis,BR,-0.6136,-47.3561,84.81,66,36,6.6,scattered clouds
245,bardiyah,LY,31.7561,25.0865,83.75,51,0,12.1,clear sky
246,airai,TL,-8.9266,125.4092,57.74,90,62,3.76,broken clouds
247,mandalgovi,MN,45.7625,106.2708,68.54,50,69,12.57,broken clouds
248,fort nelson,CA,58.8053,-122.7002,56.79,82,90,5.75,overcast clouds
249,hithadhoo,MV,-0.6,73.0833,83.66,68,55,14.47,broken clouds
250,marshfield,US,44.6689,-90.1718,70.02,72,1,5.75,clear sky
251,mujiayingzi,CN,42.1167,118.7833,64.8,93,100,3.38,overcast clouds
252,victoria,HK,22.2855,114.1577,82.96,89,31,6.98,light rain
253,yar-sale,RU,66.8333,70.8333,56.07,76,96,17.05,overcast clouds
254,arraial do cabo,BR,-22.9661,-42.0278,73.26,73,75,8.05,broken clouds
255,bowen,AU,-20.0167,148.2333,64.62,79,34,13.09,scattered clouds
256,santa ana,US,33.7456,-117.8678,76.71,86,40,1.99,haze
257,peno,RU,56.9262,32.7426,73.27,45,86,8.34,overcast clouds
258,ahipara,NZ,-35.1667,173.1667,47.55,74,5,1.01,clear sky
259,dabola,GN,10.75,-11.1167,72.86,93,100,3.69,overcast clouds
260,yarmouth,US,41.7057,-70.2286,79.25,64,1,13.0,clear sky
261,kaitangata,NZ,-46.2817,169.8464,40.87,90,45,5.39,scattered clouds
262,lavrentiya,RU,65.5833,-171.0,42.71,89,74,3.56,broken clouds
263,pa sang,TH,18.5262,98.9394,75.4,96,100,3.76,light rain
264,torbay,CA,47.6666,-52.7314,77.77,85,75,4.61,broken clouds
265,sao filipe,CV,14.8961,-24.4956,75.88,76,22,4.32,few clouds
266,lazaro cardenas,MX,17.9583,-102.2,79.14,85,34,5.12,scattered clouds
267,rehoboth,NA,-23.3167,17.0833,82.24,12,0,17.67,clear sky
268,ola,RU,59.5833,151.2833,56.25,96,100,1.77,overcast clouds
269,sembe,CG,1.6481,14.5806,90.79,41,86,3.8,overcast clouds
270,ilembo,TZ,-9.25,33.3833,62.71,52,85,7.9,overcast clouds
271,port-gentil,GA,-0.7193,8.7815,84.16,65,20,14.97,few clouds
272,pevek,RU,69.7008,170.3133,32.97,100,100,6.35,snow
273,maceio,BR,-9.6658,-35.7353,81.84,61,75,14.97,broken clouds
274,tynda,RU,55.1667,124.7167,64.24,69,100,1.52,overcast clouds
275,ouegoa,NC,-20.35,164.4333,66.74,74,61,13.96,broken clouds
276,pemangkat,ID,1.1667,108.9667,78.35,85,100,3.13,overcast clouds
277,half moon bay,US,37.4636,-122.4286,64.89,92,90,0.0,overcast clouds
278,laguna,US,38.421,-121.4238,81.1,80,1,0.0,haze
279,srednekolymsk,RU,67.45,153.6833,42.33,72,86,4.83,overcast clouds
280,banjar,ID,-8.19,114.9675,78.66,89,19,4.27,few clouds
281,camp verde,US,34.5636,-111.8543,80.76,86,60,1.99,broken clouds
282,kununurra,AU,-15.7667,128.7333,75.18,43,40,5.75,scattered clouds
283,dosso,NE,13.049,3.1937,90.93,48,84,6.93,broken clouds
284,iqaluit,CA,63.7506,-68.5145,46.13,87,90,5.75,light rain
285,faanui,PF,-16.4833,-151.75,78.4,74,9,9.89,clear sky
286,narodychi,UA,51.2029,29.0823,86.54,36,13,6.22,few clouds
287,zagan,PL,51.6176,15.3149,81.61,49,100,7.34,overcast clouds
288,muisne,EC,0.6,-80.0333,74.89,84,100,11.34,overcast clouds
289,bandarbeyla,SO,9.4942,50.8122,85.05,58,54,31.59,broken clouds
290,sobolevo,RU,54.4299,31.8996,79.18,44,100,13.15,overcast clouds
291,srostki,RU,52.4189,85.7022,59.25,79,91,3.76,overcast clouds
292,tottori,JP,35.5,134.2333,73.47,89,100,3.65,overcast clouds
293,saint-georges,GD,12.0564,-61.7485,82.08,78,40,6.91,scattered clouds
294,beidao,CN,34.5686,105.8933,70.57,78,100,5.06,overcast clouds
295,bonthe,SL,7.5264,-12.505,80.46,72,97,11.23,light rain
296,moron,AR,-34.6534,-58.6198,61.81,85,3,2.24,clear sky
297,berdigestyakh,RU,62.0989,126.6992,62.85,95,100,2.17,overcast clouds
298,concordia,AR,-31.393,-58.0209,51.87,100,90,2.3,overcast clouds
299,gat,IL,31.61,34.7642,91.78,44,0,15.68,clear sky
300,matagami,CA,49.7502,-77.6328,64.51,63,1,8.05,clear sky
301,tandil,AR,-37.3217,-59.1332,56.3,65,5,3.0,mist
302,piskivka,UA,50.6938,29.6193,86.09,33,10,7.23,clear sky
303,meulaboh,ID,4.1363,96.1285,76.93,87,100,8.05,overcast clouds
304,gimli,CA,50.6336,-96.9907,68.02,73,28,12.66,scattered clouds
305,bilibino,RU,68.0546,166.4372,40.1,90,100,4.38,overcast clouds
306,dingle,PH,10.9995,122.6711,77.0,86,88,5.26,light rain
307,tautira,PF,-17.7333,-149.15,71.62,75,7,9.17,clear sky
308,batagay-alyta,RU,67.8006,130.4114,47.7,74,100,1.63,light rain
309,corrales,US,35.2378,-106.6067,73.04,70,1,1.01,clear sky
310,saldanha,ZA,-33.0117,17.9442,69.85,62,29,9.4,scattered clouds
311,eyl,SO,7.9803,49.8164,87.04,50,92,23.53,overcast clouds
312,joao pinheiro,BR,-17.7425,-46.1725,81.34,28,3,7.07,clear sky
313,alugan,PH,12.2188,125.4808,80.71,81,26,5.28,scattered clouds
314,calderitas,MX,18.55,-88.25,79.21,85,7,4.45,clear sky
315,bitung,ID,1.4451,125.1824,77.85,84,37,7.83,scattered clouds
316,hamilton,US,39.1834,-84.5333,70.32,87,90,1.01,overcast clouds
317,vinukonda,IN,16.05,79.75,82.47,67,100,7.99,moderate rain
318,maputo,MZ,-25.9653,32.5892,71.28,60,40,5.75,scattered clouds
319,aviles,ES,43.5547,-5.9248,72.79,68,40,6.91,scattered clouds
320,nosy varika,MG,-20.5833,48.5333,67.21,74,46,8.86,scattered clouds
321,tiksi,RU,71.6872,128.8694,40.26,91,92,4.27,overcast clouds
322,luanda,AO,-8.8368,13.2343,75.31,77,4,16.91,clear sky
323,langham,CA,52.3668,-106.9679,71.02,41,31,9.37,scattered clouds
324,kismayo,SO,-0.3582,42.5454,78.4,74,52,17.92,broken clouds
325,neiafu,TO,-18.65,-173.9833,68.68,68,75,0.0,broken clouds
326,pacific grove,US,36.6177,-121.9166,60.42,97,77,1.99,broken clouds
327,samarai,PG,-10.6167,150.6667,78.13,85,73,18.57,broken clouds
328,manuk mangkaw,PH,4.8,119.85,83.93,76,81,11.9,broken clouds
329,mantua,IT,45.1667,10.7833,102.09,19,0,4.94,clear sky
330,nivala,FI,63.9167,24.9667,61.68,75,99,3.36,overcast clouds
331,dakar,SN,14.6937,-17.4441,83.28,83,40,11.5,scattered clouds
332,alzey,DE,49.7517,8.1161,86.56,41,81,2.59,broken clouds
333,salalah,OM,17.0151,54.0924,78.89,89,75,8.05,broken clouds
334,duncan,US,34.5023,-97.9578,78.39,80,90,0.0,overcast clouds
335,deputatskiy,RU,69.3,139.9,38.8,87,99,3.33,overcast clouds
336,bonito,BR,-21.1211,-56.4819,81.86,37,1,3.67,clear sky
337,zaysan,KZ,47.4667,84.8667,62.06,54,40,2.82,scattered clouds
338,trairi,BR,-3.2778,-39.2689,89.56,45,8,11.07,clear sky
339,ucluelet,CA,48.9329,-125.5528,62.1,89,98,4.47,overcast clouds
340,fairbanks,US,64.8378,-147.7164,48.6,88,90,10.36,light rain
341,nelson bay,AU,-32.7167,152.15,54.95,86,0,15.39,clear sky
342,fomboni,KM,-12.28,43.7425,77.31,71,23,17.2,few clouds
343,coruripe,BR,-10.1256,-36.1756,78.35,66,75,11.77,broken clouds
344,zunyi,CN,27.6867,106.9072,66.76,96,96,4.36,overcast clouds
345,acajutla,SV,13.5928,-89.8275,77.9,87,100,0.96,overcast clouds
346,antibes,FR,43.5624,7.1278,102.56,63,0,5.75,clear sky
347,lorengau,PG,-2.0226,147.2712,81.27,80,97,6.58,overcast clouds
348,obsharovka,RU,53.125,48.8531,90.37,19,67,5.79,broken clouds
349,acarau,BR,-2.8856,-40.12,87.76,52,38,8.55,scattered clouds
350,isangel,VU,-19.55,169.2667,69.85,65,26,16.78,scattered clouds
351,cockburn town,TC,21.4612,-71.1419,83.25,80,42,15.77,scattered clouds
352,sitka,US,57.0531,-135.33,53.49,76,75,6.91,light rain
353,dicabisagan,PH,17.0818,122.4157,78.22,86,100,1.83,overcast clouds
354,dolgoderevenskoye,RU,55.3444,61.3444,79.14,41,20,6.71,few clouds
355,surman,LY,32.7567,12.5716,89.29,45,0,15.39,clear sky
356,sigli,ID,5.3848,95.9609,78.44,80,100,3.6,light rain
357,savinka,RU,50.0785,47.0994,94.66,14,100,10.25,overcast clouds
358,morondava,MG,-20.2833,44.2833,75.72,62,0,14.23,clear sky
359,tiznit,MA,29.5833,-9.5,109.26,6,68,4.59,broken clouds
360,ahuimanu,US,21.4447,-157.8378,78.51,74,1,13.8,light rain
361,adrar,MR,20.5022,-10.0711,108.39,9,6,6.96,clear sky
362,balagansk,RU,54.0103,103.0544,64.0,79,100,4.88,overcast clouds
363,remontnoye,RU,46.5614,43.6501,81.01,49,100,4.92,overcast clouds
364,champerico,GT,14.3,-91.9167,86.72,79,100,4.34,overcast clouds
365,shingu,JP,33.7333,135.9833,76.91,94,96,4.41,overcast clouds
366,iseyin,NG,7.9667,3.6,82.13,67,80,8.03,broken clouds
367,richards bay,ZA,-28.783,32.0377,70.5,58,80,11.1,broken clouds
368,mahibadhoo,MV,3.7833,72.9667,82.85,73,9,16.64,clear sky
369,alta floresta,BR,-9.8756,-56.0861,87.62,62,4,5.75,smoke
370,uusikaupunki,FI,60.8004,21.4084,63.12,82,99,16.17,overcast clouds
371,sao joao da barra,BR,-21.6403,-41.0511,75.29,74,97,5.59,overcast clouds
372,nueva loja,EC,0.0847,-76.8828,77.02,88,40,4.61,scattered clouds
373,abu dhabi,AE,24.4667,54.3667,100.42,56,0,11.5,clear sky
374,volovo,UA,48.5246,23.5056,84.49,38,0,4.03,clear sky
375,arroyo,ES,41.6096,-4.7969,97.14,12,0,10.36,clear sky
376,norfolk,US,42.1668,-71.2495,77.9,56,1,1.01,clear sky
377,alexandria,EG,31.2156,29.9553,86.54,66,0,11.5,clear sky
378,bonavista,CA,48.6499,-53.1147,77.0,89,68,8.37,broken clouds
379,natal,BR,-5.795,-35.2094,86.22,62,75,14.97,broken clouds
380,avera,US,33.194,-82.5271,81.91,78,100,4.59,overcast clouds
381,york,US,40.1254,-77.0,72.9,54,90,5.75,overcast clouds
382,kati,ML,12.7441,-8.0726,85.41,57,100,1.83,overcast clouds
383,sihora,IN,23.4833,80.1167,81.86,70,95,5.84,overcast clouds
384,santa fe,AR,-31.6333,-60.7,65.01,58,5,4.0,clear sky
385,ferme-neuve,CA,46.7001,-75.4493,62.38,49,6,2.19,clear sky
386,killybegs,IE,54.6333,-8.45,60.51,75,100,14.88,overcast clouds
387,ejura,GH,7.3856,-1.3562,86.68,49,79,3.53,broken clouds
388,huntington,US,38.4193,-82.4452,70.0,90,40,5.75,scattered clouds
389,kapuskasing,CA,49.4169,-82.4331,62.69,67,75,9.22,broken clouds
390,ilulissat,GL,69.2167,-51.1,48.22,87,20,5.75,few clouds
391,ingleside,US,27.8778,-97.2117,86.99,84,1,3.44,clear sky
392,lakhdenpokhya,RU,61.5198,30.1992,62.08,79,49,14.63,scattered clouds
393,zhigansk,RU,66.7697,123.3711,50.38,62,86,8.32,overcast clouds
394,ixtapa,MX,20.7,-105.2,76.23,88,1,4.61,clear sky
395,los llanos de aridane,ES,28.6585,-17.9182,74.95,73,20,17.27,few clouds
396,bengkulu,ID,-3.8004,102.2655,77.18,89,100,3.47,moderate rain
397,mawlaik,MM,23.6333,94.4167,78.08,99,100,1.79,overcast clouds
398,manbij,SY,36.5281,37.9549,95.77,15,0,12.17,clear sky
399,wanning,CN,18.8003,110.3967,81.27,91,100,9.1,overcast clouds
400,youhao,CN,47.8667,128.8333,58.12,93,2,1.23,clear sky
401,new haven,US,41.4001,-72.9329,76.41,59,1,1.99,clear sky
402,nizhniy kuranakh,RU,58.8353,125.4869,65.23,77,100,5.1,overcast clouds
403,mount gambier,AU,-37.8333,140.7667,51.71,87,75,12.66,broken clouds
404,ushtobe,KZ,45.2514,77.9838,70.93,42,100,12.73,overcast clouds
405,aykhal,RU,66.0,111.5,52.7,83,100,5.32,light rain
406,ormara,PK,25.2088,64.6357,80.02,82,99,17.13,overcast clouds
407,cruz alta,BR,-28.6386,-53.6064,57.18,76,0,4.54,clear sky
408,vitim,RU,59.4511,112.5578,68.22,60,31,4.21,scattered clouds
409,kerouane,GN,9.2667,-9.0167,77.49,74,89,8.72,light rain
410,wajima,JP,37.4,136.9,73.51,82,80,6.8,broken clouds
411,saint-pierre,RE,-21.3393,55.4781,69.44,71,20,23.02,few clouds
412,kilindoni,TZ,-7.9139,39.6668,76.64,76,7,16.69,clear sky
413,opuwo,NA,-18.0607,13.84,86.52,15,0,10.65,clear sky
414,sinjai,ID,-5.1241,120.253,76.68,88,63,4.85,broken clouds
415,college,US,64.8569,-147.8028,49.66,88,75,4.61,light rain
416,alice springs,AU,-23.7,133.8833,53.15,32,0,3.44,clear sky
417,vila franca do campo,PT,37.7167,-25.4333,75.61,84,62,11.41,broken clouds
418,pulivendla,IN,14.4167,78.2333,85.14,53,100,11.21,moderate rain
419,kholm,RU,59.2667,32.85,66.58,66,81,12.17,light rain
420,kot diji,PK,27.3427,68.7083,95.02,26,6,17.25,clear sky
421,lucea,JM,18.451,-78.1736,87.66,72,48,3.65,scattered clouds
422,bubaque,GW,11.2833,-15.8333,76.01,88,100,7.18,light rain
423,kloulklubed,PW,7.0419,134.2556,77.5,72,24,9.01,few clouds
424,sartell,US,45.6216,-94.2069,76.1,51,1,1.99,clear sky
425,kota belud,MY,6.351,116.4305,76.86,88,31,5.79,scattered clouds
426,kieta,PG,-6.2167,155.6333,78.87,85,78,3.96,light rain
427,roma,US,43.2128,-75.4557,71.82,70,1,0.0,clear sky
428,senno,RU,59.5336,33.9167,65.41,68,91,11.61,overcast clouds
429,rock sound,BS,24.9,-76.2,82.33,78,100,17.16,overcast clouds
430,korla,CN,41.7597,86.1469,78.94,31,92,5.19,overcast clouds
431,pozo colorado,PY,-23.4923,-58.7972,74.14,37,2,3.8,clear sky
432,port hawkesbury,CA,45.6169,-61.3485,78.04,82,75,5.99,broken clouds
433,saint-leu,RE,-21.15,55.2833,68.83,70,14,14.7,few clouds
434,samoded,RU,63.6083,40.5111,57.56,96,100,9.8,light rain
435,oga,IT,46.4631,10.347,78.69,39,69,5.79,broken clouds
436,mareeba,AU,-17.0,145.4333,65.12,90,29,2.68,scattered clouds
437,umm kaddadah,SD,13.6017,26.6876,90.21,38,90,9.01,overcast clouds
438,north bend,US,43.4065,-124.2243,60.93,94,1,5.75,clear sky
439,gonzales,US,30.2385,-90.9201,87.78,85,1,0.0,clear sky
440,luz,BR,-19.8014,-45.6856,83.19,28,2,3.76,clear sky
441,nemuro,JP,43.3236,145.575,55.71,87,0,9.69,clear sky
442,kautokeino,NO,69.0125,23.0412,51.28,71,100,14.07,overcast clouds
443,panama city,PA,8.9936,-79.5197,82.44,82,20,2.3,few clouds
444,galeana,MX,24.8333,-100.0667,62.31,76,19,0.72,few clouds
445,puerto baquerizo moreno,EC,-0.9,-89.6,69.55,86,90,11.52,overcast clouds
446,san andres,CO,12.5847,-81.7006,84.22,79,40,11.5,scattered clouds
447,puerto del rosario,ES,28.5004,-13.8627,80.35,74,10,10.36,clear sky
448,piterka,RU,50.6803,47.4454,94.14,11,78,9.26,broken clouds
449,chateauneuf-les-martigues,FR,43.3833,5.1667,98.02,38,0,12.66,clear sky
450,bhander,IN,25.7333,78.75,82.89,77,100,9.26,overcast clouds
451,petropavlovsk-kamchatskiy,RU,53.0452,158.6483,48.79,100,20,4.47,few clouds
452,haines junction,CA,60.7522,-137.5108,44.55,93,100,2.3,light rain
453,maniitsoq,GL,65.4167,-52.9,45.5,96,100,6.98,overcast clouds
454,saint-gilles,FR,43.6766,4.4302,98.69,43,0,10.36,clear sky
455,urubicha,BO,-15.3833,-62.95,85.48,23,20,0.72,few clouds
456,daru,PG,-9.0763,143.2092,76.59,88,100,18.48,overcast clouds
457,nyurba,RU,63.2842,118.3319,54.88,87,95,4.18,overcast clouds
458,bay roberts,CA,47.5999,-53.2648,78.55,86,100,3.0,overcast clouds
459,vallenar,CL,-28.5708,-70.7581,62.22,46,100,3.74,overcast clouds
460,lagoa,PT,39.05,-27.9833,70.86,74,17,10.0,few clouds
461,sabha,LY,27.0377,14.4283,94.08,16,0,9.66,clear sky
462,bontang,ID,0.1333,117.5,79.97,83,100,6.69,overcast clouds
463,talnakh,RU,69.4865,88.3972,54.39,91,100,20.62,moderate rain
464,gazanjyk,TM,39.2446,55.5154,93.7,8,0,18.14,clear sky
465,tura,IN,25.5198,90.2201,75.56,98,100,3.91,overcast clouds
466,xining,CN,36.6167,101.7667,66.6,50,97,5.95,overcast clouds
467,fornosovo,RU,59.5689,30.5544,69.46,52,100,8.86,light rain
468,tazovskiy,RU,67.4667,78.7,57.13,74,100,16.15,overcast clouds
469,mayumba,GA,-3.432,10.6554,76.8,80,93,9.89,overcast clouds
470,bogashevo,RU,56.3683,85.1447,64.24,82,0,4.47,clear sky
471,yakeshi,CN,49.2833,120.7333,56.84,77,6,2.1,clear sky
472,wilmington,US,34.2257,-77.9447,87.96,73,40,0.0,scattered clouds
473,magrath,CA,49.4167,-112.8686,61.32,76,41,2.3,scattered clouds
474,baruun-urt,MN,46.6806,113.2792,59.92,77,24,9.4,few clouds
475,rahuri,IN,19.3833,74.65,79.16,66,97,12.19,overcast clouds
476,suez,EG,29.9737,32.5263,97.5,22,0,19.8,clear sky
477,aksarayskiy,RU,46.7924,48.0119,89.55,28,97,13.42,overcast clouds
478,carballo,ES,43.213,-8.691,78.76,76,9,8.93,clear sky
479,lasa,IT,46.6166,10.7002,87.71,46,87,4.16,overcast clouds
480,lahij,YE,13.1667,44.5833,94.28,32,21,10.63,few clouds
481,yaring,TH,6.8662,101.3689,80.26,78,100,2.84,overcast clouds
482,jardim,BR,-21.4803,-56.1381,89.22,29,7,1.23,clear sky
483,araceli,PH,10.5529,119.9913,83.86,70,89,5.03,overcast clouds
484,takoradi,GH,4.8845,-1.7554,79.03,69,57,12.48,broken clouds
485,neuquen,AR,-38.9516,-68.0591,44.49,57,0,2.3,clear sky
486,elizabeth city,US,36.2946,-76.2511,85.03,76,1,1.99,clear sky
487,skegness,GB,53.1436,0.3363,75.42,55,85,15.37,overcast clouds
488,udachnyy,RU,66.4167,112.4,54.25,71,100,4.74,overcast clouds
489,almaznyy,RU,48.0448,40.045,77.14,60,100,2.73,overcast clouds
490,nanakuli,US,21.3906,-158.1547,78.75,76,1,5.75,clear sky
491,sao jose da coroa grande,BR,-8.8978,-35.1478,78.26,66,71,13.65,broken clouds
492,novosergiyevka,RU,52.0934,53.6528,83.89,16,97,2.64,overcast clouds
493,cortez,US,37.3489,-108.5859,69.42,81,20,0.0,few clouds
494,turukhansk,RU,65.8167,87.9833,61.36,91,100,10.02,moderate rain
495,orchard homes,US,46.8633,-114.0484,59.14,67,90,0.0,haze
496,addis abeba,ET,9.025,38.7469,60.21,84,97,1.21,moderate rain
497,bhatkal,IN,13.9667,74.5667,77.94,84,100,5.1,overcast clouds
498,ayolas,PY,-27.4,-56.9,72.39,53,1,5.66,clear sky
499,poya,NC,-21.35,165.15,64.67,78,33,4.92,scattered clouds
500,athabasca,CA,54.7169,-113.2854,60.62,55,75,5.57,broken clouds
501,poum,NC,-20.2333,164.0167,70.72,66,75,21.3,broken clouds
502,sieradz,PL,51.5958,18.7302,84.72,46,100,7.36,overcast clouds
503,saint-francois,FR,46.4154,3.9054,89.47,49,0,6.91,clear sky
504,abashiri,JP,44.0213,144.2697,53.91,88,1,10.69,clear sky
505,marienburg,PL,54.0359,19.0266,75.96,46,44,15.77,scattered clouds
506,kushima,JP,31.4583,131.2333,77.65,94,100,4.23,light rain
507,qax,AZ,41.4225,46.9242,86.99,33,11,8.7,few clouds
508,dauphin,CA,51.1494,-100.0502,77.14,41,1,11.5,clear sky
509,siva,EG,29.2041,25.5195,99.25,19,0,10.25,clear sky
510,emerald,AU,-23.5333,148.1667,66.34,59,90,6.91,overcast clouds
511,san felipe,VE,10.3399,-68.7425,85.17,52,93,6.85,overcast clouds
512,marzuq,YE,14.4,46.4667,85.62,38,75,12.33,broken clouds
513,allapalli,IN,19.4167,80.0667,77.5,94,100,3.49,light rain
514,epernay,FR,49.05,3.95,88.16,44,100,6.44,overcast clouds
515,ust-koksa,RU,50.2696,85.6108,54.27,90,100,1.19,overcast clouds
516,riyadh,SA,24.6877,46.7219,107.74,8,97,11.9,overcast clouds
517,arlit,NE,18.7369,7.3853,102.6,18,7,4.16,clear sky
518,egvekinot,RU,66.3167,-179.1667,41.05,70,14,5.57,few clouds
519,leh,IN,34.1667,77.5833,54.41,57,53,9.48,broken clouds
520,vite,IN,17.2833,74.55,73.96,78,68,12.75,broken clouds
521,bulgan,MN,48.8125,103.5347,63.45,84,100,2.84,overcast clouds
522,tartagal,AR,-22.5164,-63.8013,71.83,23,0,4.34,clear sky
523,omboue,GA,-1.5746,9.2618,79.83,72,82,11.95,broken clouds
524,humberto de campos,BR,-2.5983,-43.4611,88.54,54,33,3.4,scattered clouds
525,jieshi,CN,22.8134,115.8257,81.9,85,15,7.58,few clouds
526,lubango,AO,-14.9172,13.4925,77.34,24,3,8.5,clear sky
527,novyy urengoy,RU,66.0833,76.6333,59.61,68,88,18.61,overcast clouds
528,adre,TD,13.4667,22.2,83.17,51,75,1.72,broken clouds
529,inhambane,MZ,-23.865,35.3833,69.78,64,75,4.61,broken clouds
530,narsaq,GL,60.9167,-46.05,57.42,76,96,1.83,overcast clouds
531,hokitika,NZ,-42.7167,170.9667,47.95,87,100,2.55,overcast clouds
532,breytovo,RU,58.2993,37.8617,68.9,73,100,9.31,overcast clouds
533,inuvik,CA,68.3499,-133.7218,48.96,74,75,3.44,broken clouds
534,hovd,MN,48.0056,91.6419,66.58,53,100,4.14,overcast clouds
535,ajdabiya,LY,30.7554,20.2263,87.01,50,0,26.62,clear sky
536,hasaki,JP,35.7333,140.8333,68.4,87,100,14.56,light rain
537,brae,GB,60.3964,-1.353,53.51,67,100,11.95,overcast clouds
538,najran,SA,17.4924,44.1277,99.25,11,92,19.15,overcast clouds
539,morro bay,US,35.3658,-120.8499,63.48,68,12,5.68,few clouds
540,alyangula,AU,-13.8483,136.4192,75.07,83,90,1.14,overcast clouds
541,oriximina,BR,-1.7656,-55.8661,88.66,55,55,0.96,broken clouds
542,macau,MO,22.2006,113.5461,82.71,89,20,3.44,few clouds
543,lloydminster,CA,53.2835,-110.0016,66.42,63,40,8.05,scattered clouds
544,taunggyi,MM,20.7833,97.0333,65.44,97,100,4.68,overcast clouds
545,dombarovskiy,RU,50.7587,59.5386,80.26,19,49,6.2,scattered clouds
546,hue,VN,16.4667,107.6,77.11,94,40,5.75,scattered clouds
547,saint simons,US,31.1352,-81.3901,85.05,82,40,13.8,scattered clouds
548,rawlins,US,41.7911,-107.2387,66.42,42,1,3.44,clear sky
549,rio gallegos,AR,-51.6226,-69.2181,35.65,93,40,3.44,mist
550,nueva concepcion,GT,14.2,-91.3,82.17,82,100,6.51,overcast clouds
551,lumeje,AO,-11.55,20.7833,88.9,13,0,6.6,clear sky
552,sarangani,PH,5.4033,125.4636,82.65,76,92,13.8,overcast clouds
553,akdepe,TM,42.0551,59.3788,86.09,17,0,12.44,clear sky
554,ulaanbaatar,MN,47.9077,106.8832,68.13,52,40,13.42,scattered clouds
555,rudnogorsk,RU,57.2639,103.7519,56.34,87,100,2.53,overcast clouds
556,arbagar,RU,51.9438,116.2805,65.64,67,99,2.53,overcast clouds
557,dumas,US,35.8656,-101.9732,78.04,64,1,12.66,clear sky
558,lantawan,PH,10.6167,123.9833,78.35,77,100,3.0,overcast clouds
559,bilma,NE,18.6853,12.9164,103.08,19,72,6.67,broken clouds
560,grand-lahou,CI,5.1367,-5.0242,78.31,70,93,8.95,overcast clouds
561,potosi,BO,-19.5836,-65.7531,48.72,9,52,6.93,broken clouds
562,san pedro de ycuamandiyu,PY,-24.0917,-57.0764,82.26,36,4,1.99,clear sky
563,san cristobal,VE,7.7669,-72.225,71.78,57,98,4.47,overcast clouds
564,bairiki,KI,1.3292,172.9752,82.4,78,40,3.44,scattered clouds
565,constitucion,CL,-35.3333,-72.4167,51.22,84,100,13.33,overcast clouds
566,krasnyy chikoy,RU,50.3643,108.7512,61.29,78,4,1.81,clear sky
567,buraydah,SA,26.326,43.975,109.85,8,6,9.06,clear sky
568,bonfim,BR,3.0833,-59.95,75.58,90,98,5.37,overcast clouds
569,ganzhou,CN,28.8184,115.4327,74.37,97,95,0.87,overcast clouds
570,argir,FO,61.9959,-6.7715,50.97,69,97,12.66,overcast clouds
571,zeya,RU,53.75,127.2667,60.03,75,16,3.09,few clouds
572,kulykiv,UA,50.3142,24.8176,85.68,45,58,4.76,broken clouds
573,giaginskaya,RU,44.8621,40.0719,78.01,50,90,7.34,overcast clouds
574,diffa,NE,13.3154,12.6113,91.81,44,98,7.43,overcast clouds
575,palimbang,PH,6.2106,124.1894,79.43,82,82,3.09,broken clouds
576,kijang,KR,35.2442,129.2139,74.93,79,100,12.19,overcast clouds
577,saurimo,AO,-9.6608,20.3916,92.39,13,2,3.29,clear sky
578,port-cartier,CA,50.0334,-66.8654,68.94,58,57,11.23,broken clouds
579,dordrecht,NL,51.81,4.6736,82.22,62,97,7.0,overcast clouds
580,yorkton,CA,51.2167,-102.4677,69.64,43,1,4.61,clear sky
581,belaya gora,RU,68.5333,146.4167,43.95,66,99,7.02,overcast clouds
582,gomel,BY,52.4345,30.9754,85.98,42,40,11.18,scattered clouds
583,naze,JP,28.3667,129.4833,78.04,88,100,8.12,overcast clouds
584,vardo,NO,70.3705,31.1107,53.8,69,54,16.67,broken clouds
585,ankazobe,MG,-18.3167,47.1167,63.01,56,0,9.42,clear sky
586,chazuta,PE,-6.5742,-76.1367,81.45,66,21,1.16,few clouds
587,bobcaygeon,CA,44.5462,-78.542,71.62,37,0,1.77,clear sky
588,hinatuan,PH,8.3722,126.3342,77.97,84,13,1.07,few clouds
589,luau,AO,-10.7073,22.2247,92.75,11,0,3.06,clear sky
590,iwanai,JP,42.9744,140.5089,60.35,90,99,4.36,overcast clouds
591,shirvan,AZ,39.9509,48.8994,86.38,25,96,16.26,overcast clouds
592,toamasina,MG,-18.1667,49.3833,66.2,94,75,13.8,light rain
593,auki,SB,-8.7676,160.7034,76.73,90,75,5.32,broken clouds
594,pangnirtung,CA,66.1451,-65.7125,43.2,94,100,3.29,overcast clouds
595,harrison,US,30.4091,-89.0436,85.3,76,1,5.75,clear sky
596,perth,AU,-31.9333,115.8333,60.98,72,0,6.91,clear sky
597,alappuzha,IN,9.49,76.3264,78.49,84,100,10.4,light rain
598,presidencia roque saenz pena,AR,-26.7852,-60.4388,68.61,38,0,4.29,clear sky
599,paso de carrasco,UY,-34.8603,-56.0522,50.45,100,90,4.61,mist
600,kitob,UZ,39.0843,66.8332,77.58,20,0,2.84,clear sky
601,nuristan,AF,35.3,70.8333,46.2,76,7,4.21,clear sky
602,vaitape,PF,-16.5167,-151.75,78.48,74,9,10.13,clear sky
603,leshukonskoye,RU,64.8989,45.7622,59.32,97,100,9.66,moderate rain
604,kozyatyn,UA,49.7143,28.8339,82.38,39,2,5.88,clear sky
605,sao benedito do rio preto,BR,-3.3336,-43.5283,92.86,39,24,2.15,few clouds
606,nago,JP,26.5881,127.9761,82.56,87,2,7.07,clear sky
607,sept-iles,CA,50.2001,-66.3821,69.06,74,75,5.99,broken clouds
608,toccoa,US,34.5773,-83.3324,80.28,78,40,4.61,scattered clouds
609,guarapari,BR,-20.6667,-40.4975,75.09,77,87,9.89,overcast clouds
610,jam sahib,PK,26.2958,68.6292,95.02,49,7,23.09,clear sky
611,sorong,ID,-0.8833,131.25,75.52,92,100,4.32,overcast clouds
612,portland,US,45.5234,-122.6762,69.75,84,40,4.61,scattered clouds
613,chicama,PE,-7.8447,-79.1469,61.34,76,89,3.74,overcast clouds
614,zarate,AR,-34.0981,-59.0286,61.83,56,6,3.06,clear sky
615,eureka,US,40.8021,-124.1637,59.63,95,67,4.12,broken clouds
616,ludvika,SE,60.1496,15.1878,63.03,59,98,9.22,overcast clouds
617,phanat nikhom,TH,13.4458,101.1844,82.27,95,100,6.53,light rain
618,oistins,BB,13.0667,-59.5333,86.09,70,20,11.5,few clouds
619,marinhais,PT,39.0473,-8.7024,99.64,24,28,14.63,scattered clouds
620,vao,NC,-22.6667,167.4833,68.23,72,84,21.43,broken clouds
621,bugiri,UG,0.5714,33.7417,75.94,50,41,6.91,scattered clouds
622,key west,US,24.5557,-81.7826,87.8,70,20,14.97,few clouds
623,vuktyl,RU,63.8567,57.3094,65.3,55,57,4.72,broken clouds
624,kualakapuas,ID,-3.0091,114.3876,77.16,93,99,3.51,overcast clouds
625,kuldiga,LV,56.974,21.9572,64.09,65,21,13.53,few clouds
626,bayangol,RU,50.6977,103.4656,58.66,96,100,2.66,overcast clouds
627,awjilah,LY,29.1081,21.2869,98.08,16,0,15.64,clear sky
628,el cope,PA,8.6167,-80.6,74.86,75,100,1.66,overcast clouds
629,nishihara,JP,26.1842,127.7558,81.68,89,20,9.22,few clouds
630,rokytnice nad jizerou,CZ,50.7256,15.4336,82.35,52,97,6.17,overcast clouds
631,arvika,SE,59.6553,12.5852,65.01,66,100,3.06,overcast clouds
632,camopi,GF,3.1655,-52.3158,87.21,56,69,1.19,broken clouds
633,kodinsk,RU,58.6881,99.1844,55.56,87,24,3.38,few clouds
634,leczyca,PL,52.0596,19.1997,85.08,46,100,9.22,overcast clouds
635,noumea,NC,-22.2763,166.4572,64.38,81,23,7.87,few clouds
636,bonwapitse,BW,-23.0766,26.7037,68.23,43,0,11.21,clear sky
637,nizhniy kislyay,RU,50.8497,40.1719,78.3,54,100,5.48,overcast clouds
638,comodoro rivadavia,AR,-45.8667,-67.5,49.86,43,0,2.3,clear sky
639,akyab,MM,20.15,92.9,81.63,85,99,11.45,moderate rain
640,sira,IN,13.7453,76.9092,76.96,67,100,15.79,overcast clouds
641,aksha,RU,50.2814,113.2867,58.66,89,11,2.75,few clouds
642,orahovac,XK,42.3994,20.6547,91.53,18,0,3.8,clear sky
643,tonota,BW,-21.4833,27.4833,68.83,42,0,12.48,clear sky
644,yerbogachen,RU,61.2767,108.0108,60.49,93,100,9.55,overcast clouds
645,golden,US,39.7555,-105.2211,77.67,46,75,1.99,broken clouds
646,cacequi,BR,-29.8836,-54.825,67.05,61,12,5.84,few clouds
647,ugoofaaru,MV,5.6667,73.0,82.49,77,57,16.6,broken clouds
648,moindou,NC,-21.6924,165.677,64.35,75,20,3.56,few clouds
649,aksarka,RU,66.5606,67.7975,55.63,72,88,16.71,overcast clouds
650,los alamos,US,35.8881,-106.307,67.05,73,1,1.01,clear sky
651,hinton,CA,53.4001,-117.5857,66.11,56,98,2.62,overcast clouds
652,necochea,AR,-38.5473,-58.7368,57.04,53,11,9.55,few clouds
653,la esperanza,GT,14.8667,-91.5667,57.92,80,90,0.0,overcast clouds
654,bohodukhiv,UA,50.1647,35.5276,84.24,21,76,8.19,broken clouds
655,imbituba,BR,-28.24,-48.6703,66.09,76,82,5.41,broken clouds
656,kailua,US,21.4022,-157.7394,78.78,73,1,13.8,light rain
657,shelburne,CA,44.0787,-80.2041,67.77,51,6,6.17,clear sky
658,intipuca,SV,13.1969,-88.0544,83.19,69,100,1.3,overcast clouds
659,novosokolniki,RU,56.3463,30.1578,64.69,80,100,9.24,light rain
660,victor harbor,AU,-35.5667,138.6167,55.9,79,27,9.1,scattered clouds
661,udomlya,RU,57.8794,34.9925,70.07,55,100,6.91,overcast clouds
662,liberal,US,37.0431,-100.921,75.15,78,1,11.5,clear sky
663,seymchan,RU,62.8833,152.4333,46.56,79,71,3.87,broken clouds
664,bolanos de calatrava,ES,38.9069,-3.6635,106.79,9,40,6.91,scattered clouds
665,czersk,PL,53.7959,17.9765,66.49,52,93,10.45,overcast clouds
666,derzhavinsk,KZ,51.1,66.3167,74.62,28,7,3.09,clear sky
667,ayan,RU,56.45,138.1667,62.92,83,86,2.93,overcast clouds
668,uray,RU,60.1247,64.7758,66.92,63,100,5.84,overcast clouds
669,manicore,BR,-5.8092,-61.3003,80.55,83,40,6.91,scattered clouds
670,caravelas,BR,-17.7125,-39.2481,77.88,58,3,6.04,clear sky
